{
  "parent": "item/generated",
  "textures": {
    "layer0": "item/poisonous_potato"
  },
  "overrides": [
    {
      "predicate": {
        "custom_model_data": 1
      },
      "model": "item/written_book"
    },
    {
      "predicate": {
        "custom_model_data": 2
      },
      "model": "item/white_wool"
    },
    {
      "predicate": {
        "custom_model_data": 3
      },
      "model": "pj1:item/invisible"
    },
    {
      "predicate": {
        "custom_model_data": 4
      },
      "model": "item/tripwire_hook"
    }
  ]
}
