{
  "replace": false,
  "values": [
    { "required": false, "id": "minecraft:andesite_wall" },
    { "required": false, "id": "minecraft:blackstone_wall" },
    { "required": false, "id": "minecraft:brick_wall" },
    { "required": false, "id": "minecraft:cobbled_deepslate_wall" },
    { "required": false, "id": "minecraft:cobblestone_wall" },
    { "required": false, "id": "minecraft:deepslate_brick_wall" },
    { "required": false, "id": "minecraft:deepslate_tile_wall" },
    { "required": false, "id": "minecraft:diorite_wall" },
    { "required": false, "id": "minecraft:end_stone_brick_wall" },
    { "required": false, "id": "minecraft:granite_wall" },
    { "required": false, "id": "minecraft:mossy_cobblestone_wall" },
    { "required": false, "id": "minecraft:mossy_stone_brick_wall" },
    { "required": false, "id": "minecraft:mud_brick_wall" },
    { "required": false, "id": "minecraft:nether_brick_wall" },
    { "required": false, "id": "minecraft:polished_blackstone_brick_wall" },
    { "required": false, "id": "minecraft:polished_blackstone_wall" },
    { "required": false, "id": "minecraft:polished_deepslate_wall" },
    { "required": false, "id": "minecraft:prismarine_wall" },
    { "required": false, "id": "minecraft:red_nether_brick_wall" },
    { "required": false, "id": "minecraft:red_sandstone_wall" },
    { "required": false, "id": "minecraft:sandstone_wall" },
    { "required": false, "id": "minecraft:stone_brick_wall" }
  ]
}