{
  "description": "蘋果愛好者",
  "supported_items": "#minecraft:axes",
  "primary_items": "#minecraft:axes",
  "weight": 1,
  "max_level": 3,
  "min_cost": {
    "base": 0,
    "per_level_above_first": 0
  },
  "max_cost": {
    "base": 0,
    "per_level_above_first": 0
  },
  "anvil_cost": 2,
  "slots": [
    "mainhand"
  ],
  "effects": {
    "minecraft:attributes": [
      {
        "id": "420450",
        "attribute": "minecraft:player.mining_efficiency",
        "amount": {
          "type": "minecraft:linear",
          "base": 2,
          "per_level_above_first": 1.5
        },
        "operation": "add_value"
      }
    ]
  }
}
