{
    "type": "minecraft:block",
    "pools": [
      {
        "rolls": 1,
        "entries": [
          {
            "type": "minecraft:item",
            "name": "minecraft:oak_log"
          }
        ]
      },
      {
        "rolls": 1,
        "bonus_rolls": 0,
        "entries": [
          {
            "type": "minecraft:item",
            "name": "minecraft:apple"
          }
        ],
        "conditions": [
          {
            "condition": "minecraft:match_tool",
            "predicate": {
              "items": "#minecraft:axes",
              "predicates": {
                "minecraft:enchantments": [
                  {
                    "enchantments": "enchantments:axes/apple_lover"
                  }
                ]
              }
            }
          },
          {
            "condition": "minecraft:survives_explosion"
          },
          {
            "chances": [
              0,
              0.02,
              0.04,
              0.08
            ],
            "condition": "minecraft:table_bonus",
            "enchantment": "enchantments:axes/apple_lover"
          }
        ]
      }
    ],
    "random_sequence": "minecraft:blocks/oak_log"
  }
  