{
    "replace": false,
    "values": [
        { "required": false, "id": "#minecraft:logs" },
        { "required": false, "id": "#minecraft:planks" },
        { "required": false, "id": "#minecraft:wooden_buttons" },
        { "required": false, "id": "#minecraft:wooden_doors" },
        { "required": false, "id": "#minecraft:wooden_fences" },
        { "required": false, "id": "#minecraft:wooden_pressure_plates" },
        { "required": false, "id": "#minecraft:wooden_slabs" },
        { "required": false, "id": "#minecraft:wooden_stairs" },
        { "required": false, "id": "#minecraft:wooden_trapdoors" }
    ]
}