{
    "replace": false,
    "values": [
        { "required": false, "id": "minecraft:red_mushroom_block" },
        { "required": false, "id": "minecraft:brown_mushroom_block" },
        { "required": false, "id": "minecraft:mushroom_stem" },
        { "required": false, "id": "minecraft:nether_wart_block" },
        { "required": false, "id": "minecraft:crimson_stem" },
        { "required": false, "id": "minecraft:warped_wart_block" },
        { "required": false, "id": "minecraft:warped_stem" }
    ]
}