{
	"replace": false,
	"values": [
		{
			"required": false,
			"id": "minecraft:spore_blossom"
		},
		{
			"required": false,
			"id": "minecraft:dead_bush"
		},
		{
			"required": false,
			"id": "minecraft:sea_pickle"
		},
		{
			"required": false,
			"id": "minecraft:glow_lichen"
		},
		{
			"required": false,
			"id": "minecraft:sugar_cane"
		},
		{
			"required": false,
			"id": "minecraft:kelp_plant"
		},
		{
			"required": false,
			"id": "minecraft:hanging_roots"
		},
		{
			"required": false,
			"id": "minecraft:cactus"
		},
		{
			"required": false,
			"id": "minecraft:lily_pad"
		},
		{
			"required": false,
			"id": "minecraft:brown_mushroom"
		},
		{
			"required": false,
			"id": "minecraft:red_mushroom"
		},
		{
			"required": false,
			"id": "#minecraft:saplings"
		},
		{
			"required": false,
			"id": "#minecraft:small_flowers"
		},
		{
			"required": false,
			"id": "#minecraft:tall_flowers"
		},
		{
			"required": false,
			"id": "#minecraft:coral_plants"
		},
		{
			"required": false,
			"id": "#minecraft:crops"
		},
		{
			"required": false,
			"id": "#minecraft:flowers"
		},
		{
			"required": false,
			"id": "#minecraft:leaves"
		},
		{
			"required": false,
			"id": "minecraft:short_grass"
		},
		{
			"required": false,
			"id": "minecraft:tall_grass"
		},
		{
			"required": false,
			"id": "minecraft:seagrass"
		},
		{
			"required": false,
			"id": "minecraft:tall_seagrass"
		},
		{
			"required": false,
			"id": "minecraft:fern"
		},
		{
			"required": false,
			"id": "minecraft:large_fern"
		},
		{
			"required": false,
			"id": "minecraft:vine"
		},
		{
			"required": false,
			"id": "#minecraft:cave_vines"
		},
		{
			"required": false,
			"id": "minecraft:big_dripleaf"
		},
		{
			"required": false,
			"id": "minecraft:big_dripleaf_stem"
		},
		{
			"required": false,
			"id": "minecraft:small_dripleaf"
		},
		{
			"required": false,
			"id": "minecraft:bamboo"
		},
		{
			"required": false,
			"id": "minecraft:bamboo_sapling"
		},
		{
			"required": false,
			"id": "#minecraft:coral_blocks"
		},
		{
			"required": false,
			"id": "minecraft:dead_brain_coral_block"
		},
		{
			"required": false,
			"id": "minecraft:dead_bubble_coral_block"
		},
		{
			"required": false,
			"id": "minecraft:dead_fire_coral_block"
		},
		{
			"required": false,
			"id": "minecraft:dead_horn_coral_block"
		},
		{
			"required": false,
			"id": "minecraft:dead_tube_coral_block"
		},
		{
			"required": false,
			"id": "#minecraft:corals"
		},
		{
			"required": false,
			"id": "minecraft:brain_coral_fan"
		},
		{
			"required": false,
			"id": "minecraft:bubble_coral_fan"
		},
		{
			"required": false,
			"id": "minecraft:fire_coral_fan"
		},
		{
			"required": false,
			"id": "minecraft:horn_coral_fan"
		},
		{
			"required": false,
			"id": "minecraft:tube_coral_fan"
		},
		{
			"required": false,
			"id": "minecraft:dead_brain_coral"
		},
		{
			"required": false,
			"id": "minecraft:dead_bubble_coral"
		},
		{
			"required": false,
			"id": "minecraft:dead_fire_coral"
		},
		{
			"required": false,
			"id": "minecraft:dead_horn_coral"
		},
		{
			"required": false,
			"id": "minecraft:dead_tube_coral"
		},
		{
			"required": false,
			"id": "minecraft:dead_brain_coral_fan"
		},
		{
			"required": false,
			"id": "minecraft:dead_bubble_coral_fan"
		},
		{
			"required": false,
			"id": "minecraft:dead_fire_coral_fan"
		},
		{
			"required": false,
			"id": "minecraft:dead_horn_coral_fan"
		},
		{
			"required": false,
			"id": "minecraft:dead_tube_coral_fan"
		},
		{
			"required": false,
			"id": "minecraft:dead_brain_coral_wall_fan"
		},
		{
			"required": false,
			"id": "minecraft:dead_bubble_coral_wall_fan"
		},
		{
			"required": false,
			"id": "minecraft:dead_fire_coral_wall_fan"
		},
		{
			"required": false,
			"id": "minecraft:dead_horn_coral_wall_fan"
		},
		{
			"required": false,
			"id": "minecraft:dead_tube_coral_wall_fan"
		}
	]
}