{
	"replace": false,
	"values": [
		{
			"required": false,
			"id": "minecraft:crafting_table"
		},
		{
			"required": false,
			"id": "minecraft:smithing_table"
		},
		{
			"required": false,
			"id": "minecraft:loom"
		},
		{
			"required": false,
			"id": "minecraft:composter"
		},
		{
			"required": false,
			"id": "minecraft:cartography_table"
		},
		{
			"required": false,
			"id": "minecraft:grindstone"
		},
		{
			"required": false,
			"id": "#minecraft:campfires"
		},
		{
			"required": false,
			"id": "minecraft:furnace"
		},
		{
			"required": false,
			"id": "minecraft:blast_furnace"
		},
		{
			"required": false,
			"id": "minecraft:smoker"
		}
	]
}