{
    "replace": false,
    "values": [
        { "required": false, "id": "minecraft:stone_stairs" },
        { "required": false, "id": "minecraft:sandstone_stairs" },
        { "required": false, "id": "minecraft:cobblestone_stairs" },
        { "required": false, "id": "minecraft:brick_stairs" },
        { "required": false, "id": "minecraft:stone_brick_stairs" },
        { "required": false, "id": "minecraft:nether_brick_stairs" },
        { "required": false, "id": "minecraft:quartz_stairs" },
        { "required": false, "id": "minecraft:red_sandstone_stairs" },
        { "required": false, "id": "minecraft:purpur_stairs" },
        { "required": false, "id": "minecraft:prismarine_stairs" },
        { "required": false, "id": "minecraft:prismarine_brick_stairs" },
        { "required": false, "id": "minecraft:dark_prismarine_stairs" },
        { "required": false, "id": "minecraft:polished_granite_stairs" },
        { "required": false, "id": "minecraft:smooth_red_sandstone_stairs" },
        { "required": false, "id": "minecraft:mossy_stone_brick_stairs" },
        { "required": false, "id": "minecraft:polished_diorite_stairs" },
        { "required": false, "id": "minecraft:mossy_cobblestone_stairs" },
        { "required": false, "id": "minecraft:end_stone_brick_stairs" },
        { "required": false, "id": "minecraft:smooth_sandstone_stairs" },
        { "required": false, "id": "minecraft:smooth_quartz_stairs" },
        { "required": false, "id": "minecraft:granite_stairs" },
        { "required": false, "id": "minecraft:andesite_stairs" },
        { "required": false, "id": "minecraft:red_nether_brick_stairs" },
        { "required": false, "id": "minecraft:polished_andesite_stairs" },
        { "required": false, "id": "minecraft:diorite_stairs" },
        { "required": false, "id": "minecraft:cobbled_deepslate" },
        { "required": false, "id": "minecraft:polished_deepslate_stairs" },
        { "required": false, "id": "minecraft:deepslate_brick_stairs" },
        { "required": false, "id": "minecraft:deepslate_tile_stairs" },
        { "required": false, "id": "minecraft:blackstone_stairs" },
        { "required": false, "id": "minecraft:polished_blackstone_stairs" },
        { "required": false, "id": "minecraft:polished_blackstone_brick_stairs" },
        { "required": false, "id": "minecraft:mud_brick_stairs" },
        { "required": false, "id": "minecraft:tuff_stairs" },
        { "required": false, "id": "minecraft:polished_tuff_stairs" },
        { "required": false, "id": "minecraft:tuff_brick_stairs" }
    ]
}