{
	"replace": false,
	"values": [
		{
			"required": false,
			"id": "minecraft:barrel"
		},
		{
			"required": false,
			"id": "minecraft:hopper"
		},
		{
			"required": false,
			"id": "minecraft:dropper"
		},
		{
			"required": false,
			"id": "minecraft:dispenser"
		},
		{
			"required": false,
			"id": "#minecraft:shulker_boxes"
		},
		{
			"required": false,
			"id": "minecraft:furnace"
		},
		{
			"required": false,
			"id": "minecraft:blast_furnace"
		},
		{
			"required": false,
			"id": "minecraft:smoker"
		},
		{
			"required": false,
			"id": "minecraft:trapped_chest"
		},
		{
			"required": false,
			"id": "minecraft:chest"
		},
		{
			"required": false,
			"id": "minecraft:ender_chest"
		}
	]
}