{
    "replace": false,
    "values": [
        { "required": false, "id": "minecraft:copper_grate" },
        { "required": false, "id": "minecraft:exposed_copper_grate" },
        { "required": false, "id": "minecraft:weathered_copper_grate" },
        { "required": false, "id": "minecraft:oxidized_copper_grate" },
        { "required": false, "id": "minecraft:waxed_copper_grate" },
        { "required": false, "id": "minecraft:waxed_exposed_copper_grate" },
        { "required": false, "id": "minecraft:waxed_weathered_copper_grate" },
        { "required": false, "id": "minecraft:waxed_oxidized_copper_grate" }
    ]
}