{
	"replace": false,
	"values": [
		{
			"required": false,
			"id": "minecraft:baked_potato"
		},
		{
			"required": false,
			"id": "minecraft:cooked_beef"
		},
		{
			"required": false,
			"id": "minecraft:cooked_chicken"
		},
		{
			"required": false,
			"id": "minecraft:cooked_mutton"
		},
		{
			"required": false,
			"id": "minecraft:cooked_porkchop"
		},
		{
			"required": false,
			"id": "minecraft:cooked_rabbit"
		},
		{
			"required": false,
			"id": "minecraft:cooked_cod"
		},
		{
			"required": false,
			"id": "minecraft:cooked_salmon"
		}
	]
}