{
    "parent":"item/generated",
    "textures":{
      "layer0":"item/long_bread"
    },
    "display": {
		"thirdperson_righthand": {
			"rotation": [47, 92, 0],
			"translation": [0, 8.75, 1.5],
			"scale": [1.4, 1.4, 1.4]
		},
		"thirdperson_lefthand": {
			"rotation": [47, -92, 0],
			"translation": [0, 8.75, 1.5],
			"scale": [1.4, 1.4, 1.4]
		},
		"firstperson_righthand": {
			"rotation": [0, -110, 55],
			"translation": [1.13, 2.5, 1.13],
			"scale": [1.0, 1.5, 1.0]
		},
		"firstperson_lefthand": {
			"rotation": [0, 110, -55],
			"translation": [1.13, 2.5, 1.13],
			"scale": [1.0, 1.5, 1.0]
		},
		"ground": {
			"translation": [0, 3, 0],
			"scale": [0.8, 0.8, 0.8]
		},
		"gui": {
			"translation": [1.5, 1.5, 0],
			"scale": [1.2, 1.2, 1.2]
		},
		"fixed": {
			"rotation": [0, 180, 0],
			"scale": [1.4, 1.4, 1.4]
		}
	}
}