{
    "replace": false,
    "values": [
        { "required": false, "id": "minecraft:weathered_copper" },
        { "required": false, "id": "minecraft:weathered_chiseled_copper" },
        { "required": false, "id": "minecraft:weathered_copper_grate" },
        { "required": false, "id": "minecraft:weathered_cut_copper" },
        { "required": false, "id": "minecraft:weathered_cut_copper_stairs" },
        { "required": false, "id": "minecraft:weathered_cut_copper_slab" },
        { "required": false, "id": "minecraft:weathered_copper_door" },
        { "required": false, "id": "minecraft:weathered_copper_trapdoor" },
        { "required": false, "id": "minecraft:weathered_copper_bulb" }
    ]
}