{
  "beastancestor.normal": {
    "sounds": [
      "resourcepack:tadokoro/short1",
      "resourcepack:tadokoro/short2",
      "resourcepack:tadokoro/short3"
    ],"subtitle": "哼~哼~哼~"
  },

  "beastancestor.special1": {
    "sounds": [
      "resourcepack:tadokoro/short4"
    ],"subtitle": "阿阿阿 !"
  },

  "beastancestor.special2": {
    "sounds": [
      {
        "name": "resourcepack:tadokoro/long1",
        "stream": true
      },
      {
        "name": "resourcepack:tadokoro/long2",
        "stream": true
      }
    ],"subtitle": "阿阿阿 ~"
  },

  "kunkun":{
    "sounds": [
      "resourcepack:kunkun/kunkun2",
      "resourcepack:kunkun/kunkun4"
    ],"subtitle": "坤坤"
  },

  "jaygao":{
    "sounds": [
      "resourcepack:jaygao/1",
      "resourcepack:jaygao/2",
      "resourcepack:jaygao/3"
    ],"subtitle": "傑哥不要"
  },

  "legendary_bread":{
    "sounds": [
      "resourcepack:legendary_bread"
    ],"subtitle": "法國麵包技能發動"
  }
}
