{
  "description": "躍空",
  "supported_items": "minecraft:breeze_rod",
  "weight": 1,
  "max_level": 10,
  "min_cost": {
    "base": 0,
    "per_level_above_first": 0
  },
  "max_cost": {
    "base": 0,
    "per_level_above_first": 0
  },
  "anvil_cost": 0,
  "slots": [
    "offhand"
  ],
  "effects": {
    "minecraft:attributes": [
      {
        "id": "123",
        "attribute": "minecraft:generic.jump_strength",
        "amount": {
          "type": "minecraft:linear",
          "base": 0.4,
          "per_level_above_first": 0.2
        },
        "operation": "add_multiplied_base"
      },
      {
        "id": "456",
        "attribute": "minecraft:generic.gravity",
        "amount": {
          "type": "minecraft:linear",
          "base": 0.2,
          "per_level_above_first": 0.1
        },
        "operation": "add_multiplied_base"
      },
      {
        "id": "789",
        "attribute": "minecraft:generic.safe_fall_distance",
        "amount": {
          "type": "minecraft:linear",
          "base": 1.3,
          "per_level_above_first": 0.3
        },
        "operation": "add_value"
      }
    ]
  }
}
