{
    "description": "神速",
    "supported_items": "minecraft:breeze_rod",
    "weight": 1,
    "max_level": 10,
    "min_cost": {
      "base": 0,
      "per_level_above_first": 0
    },
    "max_cost": {
      "base": 0,
      "per_level_above_first": 0
    },
    "anvil_cost": 0,
    "slots": [
      "offhand"
    ],
    "effects": {
      "minecraft:attributes": [
        {
          "id": "125",
          "attribute": "minecraft:generic.movement_speed",
          "amount": {
            "type": "minecraft:linear",
            "base": 0.2,
            "per_level_above_first": 0.1
          },
          "operation": "add_multiplied_base"
        }
      ],
      "minecraft:location_changed": [
        {
          "effect": {
            "type": "minecraft:run_function",
            "function": "enchantments:enchant_effect/speed"
          },
          "requirements": {
            "condition": "minecraft:all_of",
            "terms": []
          }
        }
      ]
    }
  }
  