{
    "description": "石之頑固",
    "exclusive_set": "enchantments:stone_shield",
    "supported_items": "#minecraft:pickaxes",
    "primary_items": "#minecraft:pickaxes",
    "weight": 1,
    "max_level": 1,
    "min_cost": {
      "base": 0,
      "per_level_above_first": 0
    },
    "max_cost": {
      "base": 0,
      "per_level_above_first": 0
    },
    "anvil_cost": 0,
    "slots": [
      "mainhand"
    ],
    "effects": {
      "minecraft:tick": [
        {
          "effect": {
            "type": "minecraft:run_function",
            "function": "enchantments:stone_series/show_stone_marrow"
          }
        }
      ],
      "minecraft:post_attack": [
        {
          "enchanted": "attacker",
          "affected": "attacker",
          "effect": {
            "type": "minecraft:run_function",
            "function": "enchantments:stone_series/stone_stubborn"
          }
        }
      ]
    }
  }