{
    "type": "minecraft:fishing",
    "pools": [
      {
        "rolls": 1,
        "entries": [
          {
            "type": "minecraft:item",
            "name": "minecraft:flint",
            "weight": 50
          },
          {
            "type": "minecraft:item",
            "name": "minecraft:cooked_salmon",
            "weight": 40
          },
          {
            "type": "minecraft:item",
            "name": "minecraft:enchanted_book",
            "weight": 3,
            "functions": [
              {
                "function": "minecraft:set_enchantments",
                "enchantments": {
                  "minecraft:fire_aspect": {
                    "min": 1,
                    "max": 2
                  }
                }
              }
            ]
          },
          {
            "type": "minecraft:item",
            "name": "minecraft:enchanted_book",
            "weight": 3,
            "functions": [
              {
                "function": "minecraft:set_enchantments",
                "enchantments": {
                  "minecraft:fire_protection": {
                    "min": 1,
                    "max": 4
                  }
                }
              }
            ]
          },
          {
            "type": "minecraft:item",
            "name": "minecraft:enchanted_book",
            "weight": 3,
            "functions": [
              {
                "function": "minecraft:set_enchantments",
                "enchantments": {
                  "minecraft:soul_speed": {
                    "min": 1,
                    "max": 3
                  }
                }
              }
            ]
          },
          {
            "type": "minecraft:item",
            "name": "minecraft:cooked_porkchop",
            "weight": 40
          },
          {
            "type": "minecraft:item",
            "name": "minecraft:soul_sand",
            "weight": 100,
            "functions": [
              {
                "function": "minecraft:set_count",
                "count": 1
              }
            ]
          },
          {
            "type": "minecraft:item",
            "name": "minecraft:gold_ingot",
            "weight": 10
          },
          {
            "type": "minecraft:item",
            "name": "minecraft:gold_nugget",
            "weight": 50,
            "functions": [
              {
                "function": "minecraft:set_count",
                "count": {
                  "min": 2,
                  "max": 5
                }
              }
            ]
          },
          {
            "type": "minecraft:item",
            "name": "minecraft:netherite_scrap",
            "weight": 2
          },
          {
            "type": "minecraft:item",
            "name": "minecraft:netherite_upgrade_smithing_template",
            "weight": 5
          },
          {
            "type": "minecraft:item",
            "name": "minecraft:blaze_powder",
            "weight": 10,
            "functions": [
              {
                "function": "minecraft:set_count",
                "count": 1
              }
            ]
          },
          {
            "type": "minecraft:item",
            "name": "minecraft:blackstone",
            "weight": 100,
            "functions": [
              {
                "function": "minecraft:set_count",
                "count": 1
              }
            ]
          },
          {
            "type": "minecraft:item",
            "name": "minecraft:netherrack",
            "weight": 100,
            "functions": [
              {
                "function": "minecraft:set_count",
                "count": 1
              }
            ]
          },
          {
            "type": "minecraft:item",
            "name": "minecraft:nether_wart",
            "weight": 10,
            "functions": [
              {
                "function": "minecraft:set_count",
                "count": 1
              }
            ]
          }
        ]
      }
    ]
  }
  