{
	"replace": false,
	"values": [
		{
			"required": false,
			"id": "minecraft:dead_brain_coral"
		},
		{
			"required": false,
			"id": "minecraft:dead_bubble_coral"
		},
		{
			"required": false,
			"id": "minecraft:dead_fire_coral"
		},
		{
			"required": false,
			"id": "minecraft:dead_horn_coral"
		},
		{
			"required": false,
			"id": "minecraft:dead_tube_coral"
		},
		{
			"required": false,
			"id": "minecraft:dead_brain_coral_fan"
		},
		{
			"required": false,
			"id": "minecraft:dead_bubble_coral_fan"
		},
		{
			"required": false,
			"id": "minecraft:dead_fire_coral_fan"
		},
		{
			"required": false,
			"id": "minecraft:dead_horn_coral_fan"
		},
		{
			"required": false,
			"id": "minecraft:dead_tube_coral_fan"
		},
		{
			"required": false,
			"id": "minecraft:dead_brain_coral_wall_fan"
		},
		{
			"required": false,
			"id": "minecraft:dead_bubble_coral_wall_fan"
		},
		{
			"required": false,
			"id": "minecraft:dead_fire_coral_wall_fan"
		},
		{
			"required": false,
			"id": "minecraft:dead_horn_coral_wall_fan"
		},
		{
			"required": false,
			"id": "minecraft:dead_tube_coral_wall_fan"
		}
	]
}