{
  "display": {
    "icon": {
      "id": "minecraft:bread",
      "components": {
        "minecraft:custom_model_data": 1
      }
    },
    "title": "和平、土地、麵包 !  (III)",
    "description": [
      {
        "text": "食用 200 個麵包\n",
        "color": "gray"
      },
      {
        "text": "獲得 【麵包大俠的戰帖】\n",
        "color": "gold",
        "bold": true
      },
      {
        "text": "PS : 如果戰帖不見了\n那再重吃 200 個麵包吧 :)",
        "color": "dark_gray"
      }
    ],
    "background": "minecraft:textures/block/white_concrete.png",
    "frame": "challenge"
  },
  "parent": "company:achieve/consume_100_bread",
  "criteria": {
    "requirement": {
      "trigger": "minecraft:impossible"
    }
  }
}
