{
    "description": {
      "text": "金鐘罩",
      "color": "dark_purple",
      "bold": true
    },
    "supported_items": "minecraft:totem_of_undying",
    "primary_items": "minecraft:totem_of_undying",
    "weight": 1,
    "max_level": 5,
    "min_cost": {
      "base": 0,
      "per_level_above_first": 0
    },
    "max_cost": {
      "base": 0,
      "per_level_above_first": 0
    },
    "anvil_cost": 5,
    "slots": [
      "offhand"
    ],
    "effects": {
      "tick": [
        {
          "effect": {
            "type": "minecraft:run_function",
            "function": "enchantments:totem_of_undying/gold_bell_tick"
          }
        }
      ]
    }
  }
  