{
  "display": {
    "icon": {
      "id": "minecraft:bread"
    },
    "title": "和平、土地、麵包 !  (II)",
    "description": [
      {
        "text": "食用 100 個麵包\n",
        "color": "gray"
      },
      {
        "text": "獲得【效率 VII】附魔書 1 本",
        "color": "gold",
        "bold": true
      }
    ],
    "background": "minecraft:textures/block/white_concrete.png",
    "frame": "task"
  },
  "parent": "company:achieve/consume_20_bread",
  "criteria": {
    "requirement": {
      "trigger": "minecraft:impossible"
    }
  }
}
