{
    "description": "經驗礦工",
    "supported_items": "#minecraft:pickaxes",
    "primary_items": "#minecraft:pickaxes",
    "weight": 1,
    "max_level": 5,
    "min_cost": {
      "base": 0,
      "per_level_above_first": 0
    },
    "max_cost": {
      "base": 0,
      "per_level_above_first": 0
    },
    "anvil_cost": 0,
    "slots": [
      "mainhand"
    ],
    "effects": {
      "minecraft:tick": [],
      "minecraft:attributes": [
        {
          "id": "520405",
          "attribute": "minecraft:player.mining_efficiency",
          "amount": {
            "type": "minecraft:linear",
            "base": 2,
            "per_level_above_first": 1.5
          },
          "operation": "add_value"
        }
      ],
      "minecraft:block_experience": [
        {
          "effect": {
            "type": "minecraft:multiply",
            "factor": {
              "type": "minecraft:linear",
              "base": 10,
              "per_level_above_first": 5
            }
          }
        }
      ]
    }
  }
  