{
    "description": "地底礦工",
    "supported_items": "#minecraft:pickaxes",
    "primary_items": "#minecraft:pickaxes",
    "weight": 1,
    "max_level": 5,
    "min_cost": {
      "base": 0,
      "per_level_above_first": 0
    },
    "max_cost": {
      "base": 0,
      "per_level_above_first": 0
    },
    "anvil_cost": 0,
    "slots": [
      "mainhand"
    ],
    "effects": {
      "minecraft:tick": [
        {
          "effect": {
            "type": "minecraft:run_function",
            "function": "enchantments:pickaxes/underground_miner"
          },
          "requirements": {
            "condition": "minecraft:entity_properties",
            "entity": "this",
            "predicate": {
              "location": {
                "position": {
                  "y": {
                    "min": -64,
                    "max": -48
                  }
                }
              }
            }
          }
        }
      ],
      "minecraft:attributes": [
        {
          "id": "4204",
          "attribute": "minecraft:player.mining_efficiency",
          "amount": {
            "type": "minecraft:linear",
            "base": 2,
            "per_level_above_first": 1.5
          },
          "operation": "add_value"
        }
      ]
    }
  }
  