{
    "description": {
      "translate": "enchantment.minecraft.efficiency"
    },
    "supported_items": "#minecraft:enchantable/mining",
    "weight": 10,
    "max_level": 5,
    "min_cost": {
      "base": 1,
      "per_level_above_first": 10
    },
    "max_cost": {
      "base": 51,
      "per_level_above_first": 10
    },
    "anvil_cost": 0,
    "slots": [
      "mainhand"
    ],
    "effects": {
      "minecraft:attributes": [
        {
          "id": "minecraft:enchantment.efficiency",
          "attribute": "minecraft:player.mining_efficiency",
          "amount": {
            "type": "minecraft:linear",
            "base": 4,
            "per_level_above_first": 3
          },
          "operation": "add_value"
        }
      ]
    }
  }
  