{
	"replace": false,
	"values": [
		{
			"required": false,
			"id": "minecraft:stripped_bamboo_block"
		},
		{
			"required": false,
			"id": "minecraft:stripped_acacia_log"
		},
		{
			"required": false,
			"id": "minecraft:stripped_acacia_wood"
		},
		{
			"required": false,
			"id": "minecraft:stripped_birch_log"
		},
		{
			"required": false,
			"id": "minecraft:stripped_birch_wood"
		},
		{
			"required": false,
			"id": "minecraft:stripped_cherry_log"
		},
		{
			"required": false,
			"id": "minecraft:stripped_cherry_wood"
		},
		{
			"required": false,
			"id": "minecraft:stripped_dark_oak_log"
		},
		{
			"required": false,
			"id": "minecraft:stripped_dark_oak_wood"
		},
		{
			"required": false,
			"id": "minecraft:stripped_jungle_log"
		},
		{
			"required": false,
			"id": "minecraft:stripped_jungle_wood"
		},
		{
			"required": false,
			"id": "minecraft:stripped_mangrove_log"
		},
		{
			"required": false,
			"id": "minecraft:stripped_mangrove_wood"
		},
		{
			"required": false,
			"id": "minecraft:stripped_oak_log"
		},
		{
			"required": false,
			"id": "minecraft:stripped_oak_wood"
		},
		{
			"required": false,
			"id": "minecraft:stripped_spruce_log"
		},
		{
			"required": false,
			"id": "minecraft:stripped_spruce_wood"
		}
	]
}