{
  "criteria": {
    "cod": {
      "trigger": "minecraft:fishing_rod_hooked",
      "conditions": {
        "rod": {
          "predicates": {
            "minecraft:enchantments": [
              {
                "enchantments": "enchantments:fishing_rod/quick_fishing"
              }
            ]
          }
        },
        "item": {
          "items": "minecraft:cod"
        }
      }
    },
    "pufferfish": {
      "trigger": "minecraft:fishing_rod_hooked",
      "conditions": {
        "rod": {
          "predicates": {
            "minecraft:enchantments": [
              {
                "enchantments": "enchantments:fishing_rod/quick_fishing"
              }
            ]
          }
        },
        "item": {
          "items": "minecraft:pufferfish"
        }
      }
    },
    "salmon": {
      "trigger": "minecraft:fishing_rod_hooked",
      "conditions": {
        "rod": {
          "predicates": {
            "minecraft:enchantments": [
              {
                "enchantments": "enchantments:fishing_rod/quick_fishing"
              }
            ]
          }
        },
        "item": {
          "items": "minecraft:salmon"
        }
      }
    },
    "tropical_fish": {
      "trigger": "minecraft:fishing_rod_hooked",
      "conditions": {
        "rod": {
          "predicates": {
            "minecraft:enchantments": [
              {
                "enchantments": "enchantments:fishing_rod/quick_fishing"
              }
            ]
          }
        },
        "item": {
          "items": "minecraft:tropical_fish"
        }
      }
    }
  },
  "requirements": [
    [
      "cod",
      "tropical_fish",
      "pufferfish",
      "salmon"
    ]
  ],
  "rewards": {
    "function": "enchantments:fishing_rod/quick_fishing1"
  },
  "sends_telemetry_event": true
}
