{
  "pools": [
    {
      "rolls": {
        "min": 2,
        "max": 3
      },
      "entries": [
        {
          "type": "minecraft:item",
          "name": "minecraft:book",
          "weight": 15,
          "functions": [
            {
              "function": "minecraft:set_enchantments",
              "enchantments": {
                "minecraft:efficiency": {
                  "min": 0,
                  "max": 2
                },
                "minecraft:unbreaking": {
                  "min": 0,
                  "max": 2
                }
              }
            }
          ]
        },
        {
          "type": "minecraft:item",
          "name": "minecraft:book",
          "weight": 10,
          "functions": [
            {
              "function": "minecraft:set_enchantments",
              "enchantments": {
                "enchantments:pickaxes/underground_miner": {
                  "min": 1,
                  "max": 2
                }
              }
            }
          ]
        },
        {
          "type": "minecraft:item",
          "name": "minecraft:book",
          "weight": 10,
          "functions": [
            {
              "function": "minecraft:set_enchantments",
              "enchantments": {
                "enchantments:pickaxes/experience_miner": {
                  "min": 1,
                  "max": 2
                }
              }
            }
          ]
        },
        {
          "type": "minecraft:item",
          "name": "minecraft:book",
          "weight": 3,
          "functions": [
            {
              "function": "minecraft:set_enchantments",
              "enchantments": {
                "enchantments:stone_shield": 1
              }
            }
          ]
        },
        {
          "type": "minecraft:item",
          "name": "minecraft:book",
          "weight": 3,
          "functions": [
            {
              "function": "minecraft:set_enchantments",
              "enchantments": {
                "enchantments:stone_stubborn": 1
              }
            }
          ]
        }
      ]
    }
  ]
}
