{
  "description": {
    "text": "經驗戰士",
    "color": "dark_purple"
  },
  "supported_items": "#minecraft:swords",
  "primary_items": "#minecraft:swords",
  "weight": 1,
  "max_level": 5,
  "min_cost": {
    "base": 0,
    "per_level_above_first": 0
  },
  "max_cost": {
    "base": 0,
    "per_level_above_first": 0
  },
  "anvil_cost": 8,
  "slots": [
    "mainhand"
  ],
  "effects": {
    "minecraft:tick": [],
    "minecraft:attributes": [
      {
        "id": "56305",
        "attribute": "minecraft:player.sweeping_damage_ratio",
        "amount": {
          "type": "minecraft:linear",
          "base": 0.05,
          "per_level_above_first": 0.05
        },
        "operation": "add_value"
      }
    ],
    "minecraft:mob_experience": [
      {
        "effect": {
          "type": "minecraft:multiply",
          "factor": {
            "type": "minecraft:linear",
            "base": 2,
            "per_level_above_first": 1
          }
        }
      }
    ]
  }
}
