{
	"replace": false,
	"values": [
		{
			"required": false,
			"id": "minecraft:zombie"
		},
		{
			"required": false,
			"id": "minecraft:husk"
		},
		{
			"required": false,
			"id": "minecraft:skeleton"
		},
		{
			"required": false,
			"id": "minecraft:stray"
		},
		{
			"required": false,
			"id": "minecraft:zombie_villager"
		},
		{
			"required": false,
			"id": "minecraft:creeper"
		},
		{
			"required": false,
			"id": "minecraft:blaze"
		},
		{
			"required": false,
			"id": "minecraft:drowned"
		},
		{
			"required": false,
			"id": "minecraft:endermite"
		},
		{
			"required": false,
			"id": "minecraft:ghast"
		},
		{
			"required": false,
			"id": "minecraft:hoglin"
		},
		{
			"required": false,
			"id": "minecraft:magma_cube"
		},
		{
			"required": false,
			"id": "minecraft:phantom"
		},
		{
			"required": false,
			"id": "minecraft:pillager"
		},
		{
			"required": false,
			"id": "minecraft:shulker"
		},
		{
			"required": false,
			"id": "minecraft:silverfish"
		},
		{
			"required": false,
			"id": "minecraft:slime"
		},
		{
			"required": false,
			"id": "minecraft:vex"
		},
		{
			"required": false,
			"id": "minecraft:vindicator"
		},
		{
			"required": false,
			"id": "minecraft:wither_skeleton"
		},
		{
			"required": false,
			"id": "minecraft:zoglin"
		},
		{
			"required": false,
			"id": "minecraft:witch"
		},
		{
			"required": false,
			"id": "minecraft:evoker"
		},
		{
			"required": false,
			"id": "minecraft:ravager"
		},
		{
			"required": false,
			"id": "minecraft:piglin_brute"
		},
		{
			"required": false,
			"id": "minecraft:illusioner"
		},
		{
			"required": false,
			"id": "minecraft:guardian"
		},
		{
			"required": false,
			"id": "minecraft:elder_guardian"
		},
		{
			"required": false,
			"id": "minecraft:warden"
		},
		{
			"required": false,
			"id": "minecraft:breeze"
		},
		{
			"required": false,
			"id": "minecraft:ender_dragon"
		},
		{
			"required": false,
			"id": "minecraft:wither"
		}
	]
}