{
	"replace": false,
	"values": [
		{
			"required": false,
			"id": "minecraft:blaze"
		},
		{
			"required": false,
			"id": "minecraft:zombified_piglin"
		},
		{
			"required": false,
			"id": "minecraft:enderman"
		},
		{
			"required": false,
			"id": "minecraft:ghast"
		},
		{
			"required": false,
			"id": "minecraft:hoglin"
		},
		{
			"required": false,
			"id": "minecraft:magma_cube"
		},
		{
			"required": false,
			"id": "minecraft:skeleton"
		},
		{
			"required": false,
			"id": "minecraft:wither_skeleton"
		},
		{
			"required": false,
			"id": "minecraft:strider"
		},
		{
			"required": false,
			"id": "minecraft:chicken"
		},
		{
			"required": false,
			"id": "minecraft:piglin"
		},
		{
			"required": false,
			"id": "minecraft:zombified_piglin"
		},
		{
			"required": false,
			"id": "minecraft:piglin_brute"
		}
	]
}