{
	"replace": false,
	"values": [
		{
			"required": false,
			"id": "minecraft:allay"
		},
		{
			"required": false,
			"id": "minecraft:bat"
		},
		{
			"required": false,
			"id": "minecraft:bee"
		},
		{
			"required": false,
			"id": "minecraft:camel"
		},
		{
			"required": false,
			"id": "minecraft:cat"
		},
		{
			"required": false,
			"id": "minecraft:chicken"
		},
		{
			"required": false,
			"id": "minecraft:donkey"
		},
		{
			"required": false,
			"id": "minecraft:fox"
		},
		{
			"required": false,
			"id": "minecraft:frog"
		},
		{
			"required": false,
			"id": "minecraft:horse"
		},
		{
			"required": false,
			"id": "minecraft:goat"
		},
		{
			"required": false,
			"id": "minecraft:ocelot"
		},
		{
			"required": false,
			"id": "minecraft:panda"
		},
		{
			"required": false,
			"id": "minecraft:parrot"
		},
		{
			"required": false,
			"id": "minecraft:pig"
		},
		{
			"required": false,
			"id": "minecraft:polar_bear"
		},
		{
			"required": false,
			"id": "minecraft:rabbit"
		},
		{
			"required": false,
			"id": "minecraft:sheep"
		},
		{
			"required": false,
			"id": "minecraft:sniffer"
		},
		{
			"required": false,
			"id": "minecraft:wolf"
		},
		{
			"required": false,
			"id": "minecraft:zombie"
		},
		{
			"required": false,
			"id": "minecraft:creeper"
		},
		{
			"required": false,
			"id": "minecraft:enderman"
		},
		{
			"required": false,
			"id": "minecraft:phantom"
		},
		{
			"required": false,
			"id": "minecraft:ravager"
		},
		{
			"required": false,
			"id": "minecraft:silverfish"
		},
		{
			"required": false,
			"id": "minecraft:skeleton"
		},
		{
			"required": false,
			"id": "minecraft:skeleton_horse"
		},
		{
			"required": false,
			"id": "minecraft:slime"
		},
		{
			"required": false,
			"id": "minecraft:stray"
		},
		{
			"required": false,
			"id": "minecraft:vex"
		},
		{
			"required": false,
			"id": "minecraft:warden"
		},
		{
			"required": false,
			"id": "minecraft:witch"
		},
		{
			"required": false,
			"id": "minecraft:armadillo"
		},
		{
			"required": false,
			"id": "minecraft:evoker"
		},
		{
			"required": false,
			"id": "minecraft:vindicator"
		},
		{
			"required": false,
			"id": "minecraft:pillager"
		},
		{
			"required": false,
			"id": "minecraft:illusioner"
		},
		{
			"required": false,
			"id": "minecraft:guardian"
		},
		{
			"required": false,
			"id": "minecraft:elder_guardian"
		},
		{
			"required": false,
			"id": "minecraft:zombie"
		},
		{
			"required": false,
			"id": "minecraft:drowned"
		},
		{
			"required": false,
			"id": "minecraft:husk"
		},
		{
			"required": false,
			"id": "minecraft:zombie_villager"
		},
		{
			"required": false,
			"id": "minecraft:spiders"
		},
		{
			"required": false,
			"id": "minecraft:cave_spider"
		},
		{
			"required": false,
			"id": "minecraft:llama"
		},
		{
			"required": false,
			"id": "minecraft:trader_llama"
		},
		{
			"required": false,
			"id": "minecraft:cow"
		},
		{
			"required": false,
			"id": "minecraft:mooshroom"
		},
		{
			"required": false,
			"id": "minecraft:squid"
		},
		{
			"required": false,
			"id": "minecraft:glow_squid"
		},
		{
			"required": false,
			"id": "minecraft:turtle"
		},
		{
			"required": false,
			"id": "minecraft:drowned"
		},
		{
			"required": false,
			"id": "minecraft:guardian"
		},
		{
			"required": false,
			"id": "minecraft:elder_guardian"
		},
		{
			"required": false,
			"id": "minecraft:axolotl"
		},
		{
			"required": false,
			"id": "minecraft:dolphin"
		},
		{
			"required": false,
			"id": "minecraft:tadpole"
		},
		{
			"required": false,
			"id": "minecraft:squid"
		},
		{
			"required": false,
			"id": "minecraft:glow_squid"
		},
		{
			"required": false,
			"id": "minecraft:cod"
		},
		{
			"required": false,
			"id": "minecraft:salmon"
		},
		{
			"required": false,
			"id": "minecraft:pufferfish"
		},
		{
			"required": false,
			"id": "minecraft:tropical_fish"
		}
	]
}