{
	"replace": false,
	"values": [
		{
			"required": false,
			"id": "minecraft:wither_skeleton"
		},
		{
			"required": false,
			"id": "minecraft:wither"
		},
		{
			"required": false,
			"id": "minecraft:zombified_piglin"
		},
		{
			"required": false,
			"id": "minecraft:zombie_horse"
		},
		{
			"required": false,
			"id": "minecraft:skeleton_horse"
		},
		{
			"required": false,
			"id": "minecraft:husk"
		},
		{
			"required": false,
			"id": "minecraft:zombie"
		},
		{
			"required": false,
			"id": "minecraft:zombie_villager"
		},
		{
			"required": false,
			"id": "minecraft:skeleton"
		},
		{
			"required": false,
			"id": "minecraft:bogged"
		},
		{
			"required": false,
			"id": "minecraft:stray"
		},
		{
			"required": false,
			"id": "minecraft:phantom"
		},
		{
			"required": false,
			"id": "minecraft:drowned"
		}
	]
}