{
  "pools": [
    {
      "rolls": 1,
      "entries": [
        {
          "type": "minecraft:item",
          "name": "minecraft:book",
          "weight": 33,
          "functions": [
            {
              "function": "minecraft:set_enchantments",
              "enchantments": {
                "enchantments:sword/day_radier": {
                  "min": 1,
                  "max": 3
                }
              }
            }
          ]
        },
        {
          "type": "minecraft:item",
          "name": "minecraft:book",
          "weight": 33,
          "functions": [
            {
              "function": "minecraft:set_enchantments",
              "enchantments": {
                "enchantments:sword/experience_fighter": 1
              }
            }
          ]
        },
        {
          "type": "minecraft:item",
          "name": "minecraft:book",
          "weight": 33,
          "functions": [
            {
              "function": "minecraft:set_enchantments",
              "enchantments": {
                "enchantments:sword/end_radier": {
                  "min": 1,
                  "max": 3
                }
              }
            }
          ]
        },
        {
          "type": "minecraft:item",
          "name": "minecraft:book",
          "weight": 1,
          "functions": [
            {
              "function": "minecraft:set_enchantments",
              "enchantments": {
                "mending": 1
              }
            }
          ]
        }
      ]
    }
  ]
}
