{
  "description": {
    "text": "地獄魚竿",
    "color": "dark_purple",
    "bold": true
  },
  "supported_items": "minecraft:fishing_rod",
  "weight": 1,
  "max_level": 1,
  "min_cost": {
    "base": 0,
    "per_level_above_first": 0
  },
  "max_cost": {
    "base": 0,
    "per_level_above_first": 0
  },
  "anvil_cost": 8,
  "slots": [
    "mainhand",
    "offhand"
  ],
  "effects": {
    "minecraft:attributes": [
      {
        "id": "minecraft:enchantment.fire_protection",
        "attribute": "minecraft:generic.burning_time",
        "amount": -0.8,
        "operation": "add_multiplied_base"
      }
    ],
    "minecraft:tick": [
      {
        "effect": {
          "type": "minecraft:run_function",
          "function": "enchantments:fishing_rod/lava_fisher"
        }
      }
    ],
    "minecraft:damage_protection": [
      {
        "effect": {
          "type": "minecraft:add",
          "value": 12
        },
        "requirements": {
          "condition": "minecraft:all_of",
          "terms": [
            {
              "condition": "minecraft:damage_source_properties",
              "predicate": {
                "tags": [
                  {
                    "id": "minecraft:is_fire",
                    "expected": true
                  },
                  {
                    "id": "minecraft:bypasses_invulnerability",
                    "expected": false
                  }
                ]
              }
            }
          ]
        }
      }
    ]
  }
}
