{
    "type": "minecraft:entity",
    "pools": [
      {
        "rolls": 1,
        "bonus_rolls": 0,
        "entries": [
          {
            "type": "minecraft:item",
            "name": "minecraft:ender_pearl",
            "functions": [
              {
                "function": "minecraft:set_count",
                "count": {
                  "type": "minecraft:uniform",
                  "min": 0,
                  "max": 1
                },
                "add": false
              },
              {
                "function": "minecraft:enchanted_count_increase",
                "enchantment": "minecraft:looting",
                "count": {
                  "type": "minecraft:uniform",
                  "min": 0,
                  "max": 1
                }
              }
            ]
          }
        ]
      },
      {
        "rolls": 1,
        "entries": [
          {
            "type": "minecraft:item",
            "name": "minecraft:book",
            "weight": 1,
            "functions": [
              {
                "function": "minecraft:set_enchantments",
                "enchantments": {
                  "enchantments:sword/teleport": 1
                }
              }
            ]
          }
        ],
        "conditions": [
          {
            "condition": "minecraft:random_chance",
            "chance": 0.0025
          },
          {
            "condition": "minecraft:entity_scores",
            "entity": "attacker",
            "scores": {
              "AchievementsKillEnderMan": {
                "min": 1001
              }
            }
          }
        ]
      }
    ],
    "random_sequence": "minecraft:entities/enderman"
  }
  