{
    "description": "夜襲者",
    "exclusive_set": "enchantments:sword/night_radier",
    "supported_items": "#minecraft:swords",
    "primary_items": "#minecraft:swords",
    "weight": 1,
    "max_level": 5,
    "min_cost": {
        "base": 0,
        "per_level_above_first": 0
    },
    "max_cost": {
        "base": 0,
        "per_level_above_first": 0
    },
    "anvil_cost": 0,
    "slots": [
        "mainhand"
    ],
    "effects": {
        "minecraft:damage": [
        {
            "effect": {
            "type": "minecraft:add",
            "value": {
                "type": "minecraft:linear",
                "base": 1,
                "per_level_above_first": 0.5
            }
            },
            "requirements": {
            "condition": "minecraft:time_check",
            "value": {
                "min": 12001,
                "max": 24000
            },
            "period": 24000
            }
        }
        ]
    }
}
